{
  "info" : {
    "version" : 1,
    "author" : "xcode"
  },
  "resources" : [
    {
      "filename" : "target1.arreferenceimage"
    },
    {
      "filename" : "target2.arreferenceimage"
    },
    {
      "filename" : "target3.arreferenceimage"
    },
    {
      "filename" : "target4.arreferenceimage"
    },
    {
      "filename" : "target5.arreferenceimage"
    },
    {
      "filename" : "target6.arreferenceimage"
    },
    {
      "filename" : "target7.arreferenceimage"
    },
    {
      "filename" : "target8.arreferenceimage"
    },
    {
      "filename" : "target9.arreferenceimage"
    },
    {
      "filename" : "target10.arreferenceimage"
    },
    {
      "filename" : "target11.arreferenceimage"
    },
    {
      "filename" : "target12.arreferenceimage"
    },
    {
      "filename" : "target13.arreferenceimage"
    },
    {
      "filename" : "target14.arreferenceimage"
    }
  ]
}